cost1,cost2,cost3,big
21.7,44.7,43.2,1
37.1,41.9,28,0
18.6,58.5,33.7,0
24.3,22.8,63.1,0
7.7,46.9,55,0
40.5,44.1,21.2,0
15.1,13.3,79.8,0
32,23.1,52.5,0
42,29.9,38.8,0
19.9,24.1,64.4,0
13.1,23.6,75.3,0
43.3,29.3,36.7,0
18.2,28.8,63.2,0
23.3,49.8,36.5,0
28,28.6,53.2,1
83.3,13.5,10.9,0
18.7,32.3,58.1,1
18.2,19.4,71.3,0
16.8,28.3,62.3,0
72.2,22.1,12.7,0
16.1,59,34.9,0
28.4,29.7,55.4,1
22.3,23.4,61.6,0
32.5,44.6,32.9,0
43.2,51.5,16.1,1
32.7,33.7,43.9,0
17.4,8.1,83.3,0
22.9,23,61.8,1
43.6,14,53.5,1
5.3,20.9,84.1,0
12.7,19.8,72.6,0
49,8,52.7,0
27.4,26.7,52.8,0
14.9,28.1,67.9,0
22.6,22.5,61.7,0
13.1,31.8,62.4,0
21.7,33.5,53.6,0
27.9,22.9,56.9,0
34.8,5.1,68.6,0
15,24.1,69.5,0
33.6,45.5,32,0
50.3,36.4,24.5,0
9.2,17,81.8,0
42.1,23.7,43.3,1
13.25,52.68,44.47,0
25.7,19.9,66.7,0
27.2,24.2,58.2,0
12.9,31.8,63,1
9.7,46,55,0
52.8,25.9,27.4,0
21.5,32.5,51.6,0
38.5,55.8,16.1,0
8,23.5,79.3,0
16,70.2,20.1,0
9,16.1,84.8,0
27.1,30.1,51.1,0
36.1,22.3,52.3,0
12.8,14.1,81.8,0
25.5,52.1,34.2,0
35.8,40,35.6,0
28.8,42,37,0
30.7,24.2,54.5,0
31.1,29.7,49.1,0
16,22.8,68.5,1
23.8,34.5,51.2,0
27.1,26.9,54.1,0
41.4,20,50.4,0
27.4,46.9,34.6,0
27.7,37.9,42.6,1
31.7,46.6,27.5,0
38.8,22.9,47.9,1
7.6,23.1,79.4,0
20,14.4,75.6,0
33.3,32.4,42.5,0
16.2,26.6,62.3,1
19.6,23.2,63.4,0
22.8,52.2,35.9,1
9,27.8,72.7,1
32.9,32.2,43.2,0
23,28.8,59.3,0
20,6.6,83.1,1
24.8,48.7,37,0
18.8,45.3,47.1,0
9.9,21.6,79.2,0
29.3,26.3,52.8,0
9.2,62.7,38.6,0
13.8,32.1,65.2,0
29.4,32.8,48.5,1
28.2,48.5,30.1,0
51.8,32.2,23.6,0
31.62,30.56,48.62,1
23.1,18.5,70.1,0
57.6,20.3,31.1,0
11.5,9.6,89.8,0
12.3,21.5,76.6,0
8.5,22.5,79,0
14.8,14.9,78.6,0
13.2,36,60.8,0
37.3,17.1,53.4,0
23.5,53.2,32.8,1
16.3,47.7,46.7,1
40.8,33.8,28.9,0
54.2,13.2,43.5,1
17,32.2,61.6,0
60,12.8,38.1,0
44.5,38.1,29.5,0
46.7,21,42.6,0
33.6,46.9,28.3,0
38.4,17.2,52.6,0
38.7,33.5,38.9,0
19.09,19.07,69.34,0
17.1,30.9,60.3,0
18.6,19.1,74.7,1
52.2,24,30.6,1
32.6,20.2,58.7,0
9.5,39.5,60.3,0
9.6,22.9,78.3,0
12.9,34.1,60.3,1
18.2,51,37.9,0
8.3,27.4,73.6,0
13.5,34.1,63.5,0
13.1,24.1,72.8,0
43.5,33.2,33.6,0
37.3,35.5,36.1,0
20.3,18.1,73.5,1
32.5,48.8,29.3,0
32.2,37.7,37.2,0
13.4,87.8,6.7,0
11.9,24,73.5,1
35,40.1,34.1,0
8,15.3,84.4,0
42.4,23.7,42.8,0
23.3,38.3,50.7,1
18.4,33.8,58.7,0
40.6,32.2,36.8,0
7.3,11.2,91,0
8.9,46,55.1,0
27.2,52.9,27.9,0
61.8,22,22.7,0
23.4,43,44,0
12.1,31.9,66.3,0
11,22.9,75,0
24,33.4,53.7,0
34.3,41.1,34.4,0
23.4,32.7,53.9,0
30.5,65.4,11.4,0
43.3,23.2,41.8,0
52.4,28.5,28.2,0
34.3,17.6,59.3,0
13.4,41,54.7,0
52.1,21.7,32.6,0
21.2,34.3,54.6,0
7.9,23.5,78.6,0
13.2,24.2,73.4,0
19.3,22.8,67.6,1
38.9,47.8,24.3,0
44.7,13.9,52.2,0
22.2,52.6,33,0
63,7.7,39.4,0
13.1,12.2,82.1,0
11.1,36.2,57.1,1
29.1,27.5,54.1,0
53.1,28.2,29.6,0
48,24.8,39.7,0
13.3,53.2,43.1,0
40.2,49,22.4,0
24,43.7,43.7,0
9.5,14.9,82.2,1
71.9,10.6,23.6,0
21.7,28.1,58.5,0
58.8,32.4,16.9,1
23.9,30.8,53.7,0
7.4,42.1,58.4,0
18.7,28.7,64.9,1
12.1,44.7,52.5,0
33.7,32.7,42.6,1
27.6,46.7,37.3,0
26,43.4,37.6,0
23.8,29,55.8,1
22.5,14.4,73.2,1
17.9,33.6,56.4,0
23.1,73,13,0
49,18.7,42.1,0
72.8,13,21.5,0
9.6,12.8,87.8,0
34.5,23.1,52.2,0
10.9,36.6,63.9,0
18.2,31.6,57.7,0
17.9,26.5,61.8,0
73.8,22.7,13.7,0
23.9,12.2,74,0
42.4,12.6,53.2,0
35.3,38.8,37.3,0
36.7,28.3,43,0
82.9,13.1,13.6,0
7.56,31.28,68.47,0
19,43.3,48,0
9,15.7,83.6,0
18.5,29.3,61.7,1
32.2,23.2,54.4,0
23.3,33.7,52.2,0
14,12.5,82.1,0
29.6,29.7,51.7,0
31.9,48.7,27.6,0
46.9,18,43.3,0
22.2,34.1,53.8,0
12.1,19.4,78.4,1
37.9,34.1,37.5,0
30.6,41.1,39.1,0
19,38.1,52.8,0
22.8,41.9,45.9,0
12.9,23.8,75.7,0
42.1,30.9,32.8,0
22.7,24.9,64.2,0
29.5,20.9,59.5,0
31.9,12.9,63,0
39.1,30.4,38.7,0
38.5,40.1,30.7,0
20.4,52.3,32.8,0
24.4,21.6,61.7,0
38.6,17.5,52.6,1
32.7,32.5,47.5,0
16.5,9.4,85,0
13,28.6,68.5,0
8.7,27.7,68.7,1
13.9,16.4,77.9,1
55,22.5,33.1,0
37.4,31.9,38.9,0
33,43.1,32.7,0
34.9,32.8,40.9,1
14.7,63.2,31.9,0
29.5,48.5,33,0
36.4,30.7,40,0
12,9.5,86.2,1
43.9,22.1,41.9,0
15,40.6,55.2,0
10.9,47.2,49.7,0
23.9,22.2,63.3,0
28.9,34.5,47.5,0
14.3,14.2,79.1,1
10.9,26.3,70.3,0
53.6,32.1,20.9,0
17.8,17.5,73.8,0
50.8,44.9,15.6,0
31.8,19,57,0
14.9,57,38.1,0
33.2,55,23.1,0
18.6,13.7,79,0
29.4,9.9,72.5,0
44.5,32.2,32,0
12.1,29.2,68,0
38.1,17.3,52.2,0
28.1,39.3,42,0
12.4,16.9,77.9,1
30,44,35.8,0
14.5,50.1,44.2,0
38.4,49,24.1,0
26.1,32.3,51.3,0
5.8,31.6,66.7,0
17.5,28.7,64.1,0
12.8,43.2,52.4,0
34.2,32.5,43.4,0
7.7,12.3,87.1,0
42.7,23.2,42.9,0
19.4,47.8,42.4,0
18.5,23.3,68.9,0
49.5,38.1,21.3,0
28.7,44,38,0
12,63.9,33,0
12.1,33.3,64.2,0
31.8,27.4,47.8,0
45.7,27.4,34.9,0
41.7,31.6,34.4,0
8,18.2,82.1,0
13.8,32.6,63.2,0
26.8,51.2,28.6,0
25,19.4,64.2,1
34.3,22.4,54.6,1
51.6,24.7,36.1,0
39.3,46.9,23.3,0
36.2,7.7,62.4,1
37.1,42.2,29.7,0
12.9,22.6,74.3,0
11.5,29.9,64,0
41.9,24,42.2,0
22.7,29.8,56.3,0
8.8,21.9,78.6,0
14.89,23.58,72.13,0
21.2,22.4,65.8,0
16.5,34.2,55.1,0
37.9,32.3,39.1,0
55.3,3.4,51.9,0
19.6,38.1,53.4,0
16.03,57.4,34.27,0
28.9,17.1,63.7,1
53.6,10.9,42.1,0
19.7,23,67.1,0
52.9,23,31.5,0
17.9,27.1,63.7,0
24,22.6,63.3,0
31,50.4,29.9,0
43.5,33,32.4,0
6.7,23.6,80.4,0
4,23.5,82.5,0
7.9,19.3,79.8,0
36.5,49.1,21.7,0
21.5,37.4,51.8,0
63.9,20.3,22.5,0
52.1,28.5,29.8,0
16.8,29.6,63.1,0
51.6,33.7,20.3,0
22.6,20.8,64.2,0
23.3,31.7,51.9,0
24.4,62.2,22.3,0
12,48.8,48.2,1
17,39,52.1,0
51.1,28.2,29.3,1
8.3,34,66.1,0
6.8,22.3,78.2,0
39,26.5,42.6,0
19.7,38.3,51.1,1
19.7,26,64.6,0
37.5,17.7,51.4,0
18.2,13.4,77.1,1
33.3,24.1,52.2,0
22,5.5,83.6,0
25.4,50.9,32.6,0
51.8,26.6,28.3,0
23.6,38.3,48.3,0
33.2,37.3,38.8,0
32.7,43,34.6,0
22.3,42.9,42,0
28.8,27.4,52.9,0
9.3,26.1,74.4,0
8.2,44,57,1
43.6,23,43.5,0
9.9,28.3,70.8,1
53.5,22.1,34.9,0
9.8,29.2,73.2,1
10.6,27.5,72.1,0
48.6,12,48.2,0
27.7,46.1,39.1,0
34,38.9,35.8,0
32.7,47,28.5,0
21.6,39.6,47.4,0
23.1,23,63.4,0
13.6,29.6,67.5,0
12.9,33.1,61.9,1
67.1,28.1,14.7,1
33.9,11.3,65.3,0
17.1,39.8,52.1,0
17.3,46,45.6,1
17.1,38.1,53,1
19,50.2,40.1,0
23.8,54.6,34,0
13.1,7.4,88,0
46.8,36.4,27.1,0
13.7,34.4,63.2,0
24.9,21.6,63.2,0
14.9,47.6,44.7,0
15.5,56.4,38.8,0
18.1,42.6,50.8,0
23.1,33.6,54.7,0
38.5,32.9,38,0
6.1,13.6,85.6,0
22.7,31.7,54,0
47.3,17.6,43.6,0
12,9.2,84.7,0
25.6,19.7,62.7,0
53.1,13.3,43.1,0
29.2,28.1,52.7,0
33.7,58.7,17.9,0
19.9,48.5,37.8,0
25.9,16,69.5,0
21.4,42.1,42.6,0
12.6,11.5,83.3,1
48.1,18.6,43,1
24.5,43.8,41.5,0
31,22.6,54.7,1
16.13,28.47,60.9,0
33.7,29,47.9,1
41.6,48.3,18.5,0
21.5,48.5,36.4,0
19,9.7,83,0
34.6,13.1,63,0
28.4,18.6,65.1,0
49.44,26.48,35.08,0
29.2,29.2,53.2,0
21.1,54.7,33.8,0
7.1,34.1,67.5,0
17.9,34.3,60.2,0
14.6,16.1,79.2,0
29.4,37.2,44.4,0
18.8,64.3,28.9,0
17.4,25.9,66.1,0
12.5,12.4,83.6,1
22.1,42.1,41.5,0
24.3,44.1,43.7,0
22.9,13.8,73.4,0
41.1,23,43,0
21.7,22.1,64.3,1
22.1,11.5,76.8,0
17.4,53.3,39.3,0
7,8.4,90.8,0
23.1,51.7,33.6,1
15.6,14.9,78.6,0
43.4,13.1,53.2,0
33.3,23.4,54,0
28,53.5,26.3,1
37,27.8,43.8,0
23.1,23.4,63.1,0
11.8,13.7,83.1,1
28.5,41.2,38.7,1
22.7,44.6,42.8,1
11.1,47.6,52.8,0
27.9,17.6,63,0
29.5,12.2,67.2,0
24.4,43.8,42.3,0
22.7,44.3,43.7,0
40.5,38.3,30.7,1
14.2,14.3,81.9,0
18.7,27.9,62.5,0
22.3,16.9,67.9,0
26.7,31.3,49.9,0
23.8,42,43.8,0
26.8,20.8,60.8,1
17.9,26.8,63.6,1
17.9,35,54.5,1
22.5,24.2,63.9,0
8.8,71.1,27.1,0
15.4,15.5,76.8,1
29.1,21.7,58.9,0
62.7,26.7,16.8,0
52.3,28.9,24.2,0
33.1,31.9,42.9,0
16.6,61.4,34.6,0
24.5,27.6,57.7,0
30.8,26.9,52.8,0
40.5,17.2,53.7,0
15.6,15.5,77.9,0
67,10.9,29.1,0
8.9,43.7,55.8,0
15.7,18.4,77.6,0
16.9,41.9,49.4,0
14.1,37.6,57.7,1
42.2,12.7,52.4,0
66.5,20.8,20.3,0
53.6,31.9,22.3,0
40.7,50.1,14.6,0
16.8,38.1,53,0
18.5,40.2,52,1
17.3,58,32.6,0
27.5,53.7,26.2,0
47.7,17.7,44.2,0
39.6,61,7.6,0
17.5,29.1,60.4,0
33.5,11.7,60.2,0
17.6,60.1,33.6,0
19.3,62,27,1
38.5,12.2,58.3,0
15.8,60.5,34.8,0
18.7,22.9,66.1,0
30.8,41,37.3,0
53.7,23.6,32.6,0
32.2,43.5,33.4,0
26.6,32.3,47.8,0
19.8,34.5,54.6,0
12.2,13.2,84.3,0
14.4,40.4,53.2,1
15.2,55.2,35.6,0
13,23,71.1,0
9.2,51.6,44.3,0
26.8,47.4,32,0
29.4,26,56.7,0
14.6,54.3,40.3,1
18,29.9,62.7,0
12.7,12.8,83.6,0
12.7,26.7,69.6,0
10.4,27.7,69,0
53,19,37.9,0
27.38,17.88,64.64,0
6,16.3,85.5,0
52.7,33.2,22.9,0
35.2,31.8,40.4,0
15.2,42,52.1,0
31.6,43.4,32.8,0
11.6,7.4,91,0
34.2,38.8,36.1,0
22.7,21.7,64.8,0
13.7,27.5,69.5,0
33.3,44.4,32.7,1
11.7,53.8,43.3,0
20.9,26.8,62,0
3.7,38.1,65.3,1
51.9,22.8,33.2,0
33.2,34.6,43.3,1
7.1,10.3,94.5,1
12.8,51.5,43.3,0
7.3,14.9,89.9,0
41.2,23.2,45.1,0
21.9,37.8,48.3,0
9.9,18.1,80.5,0
14.2,58.3,37.2,0
33.4,32.8,43.5,0
33.6,40.5,35.5,0
20.3,45.9,42.8,0
28.7,37.4,41,0
22.3,27.8,57.2,0
22.3,42.2,42.5,0
12.3,21.8,72.2,0
33.6,20.6,51.8,0
63.8,22.5,23.4,0
33.5,33.1,43.4,0
36.6,34.9,37.4,0
19.9,50.7,40.4,0
18.3,60.4,34.1,1
33.5,31.3,41.3,0
7.8,6.7,94.9,0
27.5,38.4,42.6,1
28.3,29.7,54.6,0
43,12.4,51.7,0
8.2,31.3,72.6,1
21.4,31.4,55.9,0
7.9,13.9,89,0
4.1,6.4,97.6,1
13.9,37.6,56,0
32.7,29.3,46.7,0
14.3,53.3,42.9,0
12.8,23.6,73.5,1
34,45.5,28.8,0
29.7,33.7,47.1,0
12.1,55.1,40.1,0
33,27.5,48.1,0
20.3,22.8,63.1,0
14,33.1,64.3,0
29.2,39.5,40.1,0
10.2,77.2,23.3,0
23.1,23.5,63.3,0
15,29.4,69.2,0
25.6,7.8,77.5,0
21.8,10.3,73,0
65.7,17.9,26.5,0
10,36.5,59.3,0
37.8,31.2,37.6,0
26.9,25,55.1,0
18.8,42.2,45.2,0
12.8,31.8,62.9,0
14.1,27.3,67.5,0
16.2,55.6,36.2,0
53.5,22.7,32.4,0
12.9,6.4,85.8,1
33.2,14.5,62.7,0
14.7,34.7,58.6,0
23.6,22.3,62.4,1
11.5,14.6,83.3,1
12,5.7,95.5,0
41.7,33.7,32.7,0
25,43.6,42.2,0
19.9,14.9,74.1,1
9.6,26.3,73.4,0
12.1,28.6,68.7,1
62.8,22.1,21.9,0
50,37.5,22.4,0
13.5,17,79.6,0
25.8,33.3,51.8,0
29.2,27.5,52.2,0
13.7,9.8,88.8,0
58.6,28.2,24.2,0
43.1,51.9,12.8,0
11.26,15.01,83.23,0
18.7,28.8,65.2,0
23.6,23.6,62.8,1
38.9,17.9,53.7,0
5.8,47.4,52.7,0
24.5,21.8,63.6,0
42.3,11.8,53.1,1
18.4,51.6,38.7,0
28.25,14.43,65.33,0
11.8,17.3,77.6,0
36.3,19.6,53.2,0
52.5,36.3,18.3,1
7.8,20.3,80.9,0
17.9,8.7,83.8,0
62.8,10.7,37,0
23.7,63.1,22.6,0
32,23.5,53.2,0
34.7,31.7,42.8,0
36.3,24.8,47.9,0
7.2,42.8,57.8,0
27.3,26.1,52.4,0
14.3,12.7,84.4,1
37.4,38.8,32,1
23.5,23.1,61.8,1
27.9,13,68.5,1
62.1,12.6,33.5,0
43.9,23.2,43.2,0
55.2,24.2,33.1,0
16.9,39.9,51,0
27.6,13.7,67.5,0
39.8,41.1,27.7,0
12.4,14.5,83.7,1
43.1,22.9,43.5,0
23,67,19.5,0
33.4,47.4,28.8,0
19,39.1,53.2,0
12.4,16.8,77.3,1
40.9,18.2,48.7,0
13.8,55.8,38.6,0
35.9,42,27.9,1
22.3,50.8,36.9,1
33.8,21.9,57,0
32,32.8,41.8,0
28.8,52.9,26.8,0
9.2,10.3,92.9,0
20,26.8,60.5,0
58.3,32.3,19.3,0
22.2,58.3,27.8,0
33,53.5,23,0
48.5,12.2,48.9,0
11.1,46.8,54.1,0
19.1,32.8,55.7,0
10.9,27.1,69.2,0
22.3,47.7,40.7,0
42.3,15.8,48,1
8.2,17.1,85.1,1
36.4,20.4,53.8,1
14.2,32,63.6,1
32.5,22.8,52.9,0
64.1,11.4,32.7,0
51.9,22.1,34.4,0
48.7,21.3,41,0
14.6,32.3,63,1
20,46.9,42.5,1
17.4,17.9,76,0
40.4,28.1,38.7,0
19.4,22.2,67.7,0
9.4,33.4,68.1,1
22.5,20.4,63.1,0
27.9,18.5,62.5,0
15.4,8.7,81.2,1
6.9,17.6,84.7,0
32.2,54.6,24.5,0
16.8,32.7,57.9,0
6.2,21.4,79.9,0
23.9,14.5,71.8,1
22.3,13.4,72.7,0
48.8,12.6,48.6,0
43.6,33.9,30.9,1
56,45.9,5.7,0
19.4,34,60,1
18.8,21.1,70.6,0
11.1,19.7,80,0
42.3,19.2,47.5,0
5.4,10,92,0
19.9,56.2,35.4,1
17.9,56.3,36.5,1
47.2,22.5,38.4,0
3.8,6.6,99.1,0
16.8,19.8,74.8,0
23.3,43.9,42.9,1
52.7,47.7,8.5,0
31.14,24.64,53.42,0
13.4,21.2,73,0
12.5,6.7,91.6,0
13.7,31.4,63.2,0
18.4,46.4,44.4,0
19.6,24.9,64.3,0
12.1,64.4,34.3,0
11.3,34,65.7,0
13.4,29.3,66.6,0
14,16.8,76.8,0
25,24,57.3,0
82.4,3,22.8,0
22,42.7,43.6,0
14.5,31.9,64.8,0
24.4,37.4,46.1,0
10.2,48.4,52.9,0
22.3,23.7,62.9,0
10.4,42.3,52.1,0
27.6,51.9,28.2,0
27.1,28.4,54.6,0
27,28.1,53.2,0
24,48.5,38.5,0
23.6,23.3,63.4,0
22.7,35.3,50.7,0
22.8,33.1,51.1,0
17.6,32.5,58.3,0
24.8,6.7,78.4,0
52.3,23.6,34,0
26.7,21.5,60.4,0
21.6,25.3,63.7,0
42.9,15.5,52.3,0
13.9,81.8,13.3,0
13,21.8,74.1,1
42.7,42.9,22.5,1
42.1,38.1,29,0
44.9,30.6,33.2,0
12.6,21.8,73.2,0
21.6,16.5,69.9,0
24.1,34.6,54.3,1
33,38,37.1,0
8.2,12.3,90.3,1
16.2,12.8,79.4,0
13.7,32.8,63.8,0
31.9,33.5,42.8,0
30.6,33.4,46.2,0
32.3,37.5,39.2,0
24.1,67.6,18.8,0
17.4,55,35.6,0
29.9,27,53.3,0
48,16.4,44.1,0
9.7,71.8,28.7,1
19.4,70.5,24.5,0
65.1,23.7,21.5,0
29.8,28.3,54.3,0
29.1,28.6,53.1,0
27.7,52.4,29.9,0
42.7,16.3,48.1,0
15.9,31.4,61.6,0
8.8,66.5,33.6,1
13.8,14.6,83.9,0
18.9,37.6,53.8,0
8.5,14.7,88.2,1
37.2,37.5,35.9,0
10.4,41.7,53.4,1
32.8,49.1,27.9,0
17,28.9,62,1
41.6,23.4,42.9,0
10,28.6,70.8,0
20,29.1,62,1
10.5,19.4,78.4,0
40.3,13.4,56.8,0
22,46.6,41.8,1
29.1,13.2,67.8,0
31.6,23.2,51.2,0
42.8,34.4,34.8,0
12.7,35.7,59.9,1
12,43.4,54,0
42.1,43.8,23,0
12.6,32.8,62.7,1
21.5,35.9,50.2,0
9.6,34.5,65.4,1
63.7,26.2,16.6,1
12.4,27,66.4,1
28.5,18.4,62.2,0
25,48,37.4,0
13.5,23.2,71.6,0
10.5,48.4,48.3,0
22.6,43.8,42.7,1
19.6,28.1,60.6,0
22.8,50.9,37.1,1
5.4,38.7,65.6,0
23.7,51.2,36.2,0
42.1,44.1,22.6,1
17.7,33.7,59.9,0
61.7,22.2,23,0
27.8,37.1,43.8,1
24.4,25.7,60.7,0
12.4,35,61.1,0
12,23.7,73.6,0
28.1,48.4,32.9,0
30.1,26,55.2,0
6.8,41.7,59.8,0
24.6,22.9,63.1,0
23.5,53.4,34.5,0
14.8,57.6,36.6,1
43.1,45.8,22.6,0
15.3,34,61.7,0
22.2,22.8,62.2,0
9.2,26.5,72,0
19.3,21.3,68.2,1
10.1,38,62.4,1
19.4,28.7,59.7,0
47.4,13.7,47.2,0
18,18.2,73.6,0
52.7,21.6,33.1,0
31.9,12.6,62.4,0
23,17.3,68.3,0
33,32.7,42.3,0
14.2,48.5,46.9,0
48.3,19,42.7,1
23.8,43.7,42.2,1
19.5,31.2,63.9,0
26.1,43.6,37.1,0
8.4,37.5,64,0
23.2,41.4,43,0
8.5,41.1,62.4,0
17.6,22,68.6,0
17.1,35.1,58.8,0
6.4,69.1,34.8,1
13,23.4,71.2,0
17.1,13.3,79.7,0
40.7,26.7,42.6,0
51.5,26.4,26.1,0
15,24.7,68.2,0
10.3,28.3,69.8,0
8.5,29,70.7,0
16.9,18,70.9,0
13.4,42.8,51.6,0
27.9,30.1,52.5,0
23.6,32.6,53.8,1
28.5,32.9,49.2,0
13,14.6,83,0
20,14.5,74.9,0
22.1,42.5,44.1,0
13.3,43.6,52.4,0
19.3,14,72.1,0
39.9,37.8,32.6,0
14.8,28.9,68.9,0
10.6,9.8,88.4,1
18,43,49,0
24.9,44.2,42.6,1
42.5,45.4,21.5,1
7.1,20,82.5,0
34,33.4,43.4,0
53.4,32.4,22.9,0
29.5,52.7,27.8,0
69,5.8,33.6,0
42.3,32,32.7,1
43.4,13.4,53.2,0
22.4,32.9,54,1
17.1,20.4,69.8,0
30.7,39,36.9,0
22,25.8,58.4,0
28,22.7,58.1,0
15.6,34.7,58.2,0
40.2,15.9,53.7,1
17.2,39.8,53.7,0
28.2,12.9,67.5,0
18,28.1,62.1,0
7.5,66.9,33.3,0
38.1,6.8,64.7,0
17.3,63.2,28.6,0
6,9.7,94.9,0
38,28.9,43.2,0
34.4,38,38.6,0
18,50.2,41.3,0
32.5,41.7,34.8,1
36,37,36,0
14.4,13.7,81.9,0
24.9,38.1,45.7,0
15.6,13.5,79.4,0
62.6,32.2,12.2,0
23.5,43.9,42.5,1
62.5,11.8,34,1
36.2,33.5,40,0
28,12.2,66.6,0
8.3,18.2,82.1,0
4.5,17.1,86.4,0
23.3,21.8,63.3,0
21.2,43.6,42.6,0
42.9,25.1,41.2,1
41.1,18.5,47.9,0
23.4,34,54,0
38.8,12.4,56.7,0
23.6,25.2,63.9,0
21.6,67,20,0
21.9,23.4,62.3,0
10.8,46.3,55.1,0
9.3,25.6,72.8,0
27.3,27.5,57.6,0
31.2,23.5,50.3,0
17.1,62.8,28.1,1
22,19.7,67,0
23.5,43.4,43,0
23.3,32.3,52.5,1
31.1,38.4,42.5,1
14.9,45.5,46.1,0
33.6,22.4,53.1,1
7.1,28.3,73.3,0
33.3,21.7,53.6,0
42.6,14.6,53.2,0
22.5,44.1,42.6,0
34.8,46.3,26.1,0
40.7,31.1,37.8,0
23.6,17.5,68.1,0
31.7,27.8,49.2,0
29.5,27.4,52.2,0
42.5,38.2,27.7,0
26.6,23,56.9,0
22.5,23.4,62,0
16,28.3,63,1
17.1,17.1,70.4,1
22.2,64.5,21.5,0
40.5,59.9,10.5,0
10.5,35.8,63.5,0
15.9,23,67.9,0
14.3,37.9,56.2,1
13,58,39.5,0
16.6,19.6,73.6,0
22.4,21,62.9,0
50.9,8,48.6,0
17.8,18.6,74.3,0
21.6,24.1,62.1,0
36.2,52.2,21.2,0
21.2,46.2,42,1
38.4,42.3,28.2,1
34.3,13.6,63.8,0
19.2,26.5,63.1,1
44.1,22.5,42.4,0
21.9,27.9,58,0
17.9,28.1,59,1
42.6,10.8,53.1,1
14,33.6,63.2,0
10.6,27.8,66.9,1
24.7,47,39.4,1
12.8,13.2,82.9,0
47.1,23,37.9,0
6.8,18.4,82.5,1
18.5,63.3,29.7,0
28.2,36.1,45.4,0
8.7,33.5,67.1,1
42.2,12.5,53,0
53.3,33.3,22.1,0
15.8,61.3,34.4,0
6.3,15.8,89.9,0
19.8,15.5,70.9,0
24.6,34.1,53.3,0
53.8,22.7,33.1,0
16.3,25.8,67.8,0
47.7,24.9,38,0
17.9,48.5,44.3,0
22.1,53.2,33.4,0
23.9,63.2,23.7,0
13.5,26.6,69.4,1
9.4,28.4,71.5,0
17.2,33.1,57,0
43.2,43.8,24.3,0
27.3,26.8,53.2,0
26.2,53.9,28.9,1
42.5,12.3,53,0
12.1,14.2,83.8,0
8.1,38.9,62.7,1
13.4,60.5,39.6,0
23.5,32.2,55.8,1
7.3,36.2,62.1,1
11.5,48.6,47.4,0
11.5,25.1,70.3,1
52.9,32.9,22.8,0
14.5,39.5,54.2,0
16.7,13.9,78.1,0
35.4,36.2,35.5,1
15.7,23.8,70.4,0
21.8,25.1,63.2,0
41.1,40.6,28.6,0
17.6,29.1,61.9,0
13.1,28.7,68.5,1
19.6,18.5,71.2,0
4.7,21.8,82.6,1
27,7.5,72.5,0
28.2,31.6,47.2,0
18.5,43.9,47.1,0
41.5,12.5,52,0
18.2,37.3,53.4,1
22,32.8,51.5,0
6.8,22.6,78.9,0
13.6,32.2,65,0
34,23.3,53,0
31,21.3,59.4,1
15.1,23.6,66.4,0
33.1,30.9,47.7,0
15.2,23.9,67.8,1
71.8,12.8,21.8,0
63.9,12.1,33,0
19.9,41.2,46.2,0
14.1,18.4,76.3,0
35.2,36.5,35.8,1
15.9,34.2,57.5,1
23.2,31.8,54.1,0
20.7,36.6,55,0
32.9,42.2,31.2,0
29.2,57.1,23.2,0
35.1,30.3,45,1
47.4,13.4,52,0
12.8,34.9,61,1
34.7,13.8,63.1,0
23,18.9,67.2,0
18.1,18.9,71.2,0
20.3,24.4,64.5,0
17.9,68.8,20.3,0
18.5,50.8,42.2,0
15.2,44.2,48.5,0
48.3,30.4,29.7,0
21.4,44.5,43.2,1
9,39.5,61.3,1
28.2,19.3,61.2,0
11.8,18.5,78.8,0
21.1,26.5,60.2,0
37.5,42.8,27.4,1
33.7,35.9,41.2,0
33.3,23.5,53.8,1
35.7,53.7,23.2,1
36.1,43.3,31,0
20.3,37.2,54.4,1
35.4,46.5,26.5,0
24.7,13.2,72.8,0
23.5,27.5,56.2,0
33.9,25.9,46.6,1
16.2,55.8,38.7,0
18.7,36.3,53,0
29.3,13.8,67.6,0
14.1,26.7,66,0
16.1,24.4,67,0
20.8,40.6,46.7,0
26.7,28.3,55.3,0
14.1,35.3,57.7,0
12.3,36.6,57.1,0
43.2,24.5,43.3,0
25.5,26.7,58.8,0
62.6,34.1,14.5,1
52.4,22.7,31.9,0
42,24.4,43,0
51.7,47.8,10.7,0
23.9,24,64.2,0
33.1,21.9,52.1,0
17.9,41.2,49.2,1
26.8,20.2,63.9,1
18,25.6,66,0
22.2,34.7,52.3,0
23.2,22.3,61.8,1
14.3,47.3,48,0
35.7,36.3,36.4,0
10.6,18.9,80.1,0
13.7,11.3,83.9,1
9,11.8,86.3,0
14.6,12.3,82.1,0
16,22,68.8,1
36.7,22.4,47.7,0
28,41.4,42.3,1
12.9,18.4,78.3,1
21.7,32.5,55,0
24.3,34.5,46.7,0
19.4,43.8,49.4,0
38.7,28.5,44.4,0
28.5,23.8,59.5,0
11.6,42.7,58.9,0
18.9,39.6,52.3,0
39.2,8.6,63.7,0
33.4,22.9,52.6,0
45.2,27.7,37.8,0
23.1,53.4,33.9,0
12.4,13.4,83.5,1
44.8,31.7,31.8,1
22.3,32.2,53.5,0
27,38.3,41.5,0
24.3,27.9,55.1,0
12,33.8,61.5,0
6.6,29.5,73.9,1
38.2,52.6,18,0
18,20.8,69.3,0
73.5,22.8,11.1,0
69.9,13.9,24.9,0
47.2,22.7,37.7,0
29.2,22.9,55.4,1
24.6,33.3,54.5,0
21.7,42.2,41.4,0
33,47.8,25.1,1
23,25.2,61.6,0
35,15.3,59.8,0
6,60,41,0
38.2,10.6,60.8,1
83.8,11.6,13.9,0
35.5,58.7,13.4,1
48.2,37,21.4,0
33,23.6,52,0
17.9,47.2,43.6,0
47.9,36.7,24.3,0
12.4,27.9,67.7,0
24.4,41.3,41.4,1
6.7,48.8,54,0
31.6,24.8,52.2,0
16.9,19.1,70.1,1
27.2,35,47.9,1
28.6,28.5,52.9,0
10.8,14,82.8,1
24,48.1,38.7,0
26.8,34.7,48.4,1
24.3,42.9,42.4,0
13,16.6,77.5,0
17.7,33.5,56.7,0
14.2,32.1,63.9,0
22.6,32.9,52.3,1
34,22.4,52.4,0
53.4,32.4,23.6,1
14.8,59.9,32.9,0
23.2,32.7,56.5,0
17.9,32.3,56,0
21.5,36.2,53.5,0
8,19,84.6,1
21.9,42.4,43.5,0
16.1,19,75.8,0
18.2,68.6,22.1,0
14.5,32.7,63.2,0
35.7,45.1,26.3,1
43.2,23.9,43,0
22.7,33.4,53.3,0
20.4,61.4,28,0
12.1,33.4,64.9,1
11,32.4,66.1,0
7.7,24.9,78.7,0
17.9,28.4,62.5,1
18,7.2,82.1,0
59.4,41.9,9.1,0
11.7,21.5,75.7,0
10.5,30.5,69.5,1
4.8,12.1,93.4,0
4.9,14.7,87.7,0
51,8.6,46.5,1
8,4.3,95.7,0
22.4,39.7,47.3,1
52.7,27.4,28.8,0
35.1,37.4,35.8,1
13.4,31,64.2,0
44.3,32.7,32.7,1
53,42.6,13.4,0
60.7,23.1,22.6,1
18,38.3,53.9,0
31,42.7,32.5,0
22.2,42.5,43.3,0
21.7,54,33.2,0
21.9,38.7,48.1,0
5.1,50.2,52.9,0
28.4,52.8,27.3,0
14.4,53.3,43.9,0
36.3,28.6,44.1,0
23.5,13.6,73.6,0
42.9,24.3,42.7,1
44.1,41.6,21.7,0
43.9,43.7,23.9,0
10.9,23.8,73.6,1
7.8,11.9,87.7,0
11.6,17.8,77.6,0
16.1,14.5,79,0
53.4,27.8,29.2,0
14.7,11.4,83.8,0
8.8,61.7,36.7,0
22.7,25.8,61.5,0
10,51.8,46.7,0
17,16.6,73.9,0
10,39.6,60.4,0
38.6,33.1,38.6,0
56.4,9.1,39.6,1
17.5,12.9,78.1,0
18.6,54.8,37.1,0
10.7,43,55.5,0
17.7,11.4,77.9,0
13.9,26.7,70.9,0
53.3,44.4,14,0
19.7,23.7,67.5,0
41.8,36.2,30.5,0
22.8,22.4,63.5,0
42.7,53.5,11.9,1
64.4,16,35,0
15.9,17.6,72.2,0
34.9,28.8,49.8,0
17.6,30.5,58.9,0
22,33.5,55.2,0
16.1,12.3,83,0
17.5,18,72.6,0
19.4,62.4,30.4,0
33.6,23.4,54.3,0
6.5,17,88,0
38.4,13.4,58.7,0
18.8,55.1,34.8,0
17.7,19.1,72.5,0
23.5,23.6,61.6,0
34.9,8.1,65.1,0
15.4,31.2,63.6,1
14.2,27,67.2,0
20.3,20,67.8,1
10.7,43.7,53.7,0
12.4,27.5,69.2,1
25.1,51.4,34.4,1
13.8,34.7,61.4,0
8.5,19.2,81.8,1
44.7,14,54,0
25.3,45.4,37.1,0
22.2,54.8,33.5,0
21.1,58.1,29,1
43.2,33.3,33.2,1
13.6,10.2,86.2,0
23.8,22.6,62.1,1
31.8,12.4,61.5,0
38.1,58.5,12.6,0
12.5,23.3,71.8,1
49,52.1,9.6,0
15.8,11.1,83.4,1
27.6,57.4,23.3,0
37.9,22.1,49.4,1
34.8,33.3,44.2,0
22.7,27.4,59.8,1
13.4,77,19,0
26.5,29.3,54.4,1
15,23.7,74.7,0
40.3,55,13.5,0
27.7,27.6,52.7,0
48.5,24.3,38.4,0
20.2,37.9,47.3,0
12.7,61,31.8,0
26,8.7,72.5,0
35.4,39.1,33.7,0
25.1,43.1,40.3,0
13.9,32.6,63.6,0
34,44.1,33.8,0
12.8,7.3,86.4,0
21.4,22.8,62.9,0
10.5,28.9,72.2,0
3.9,13.2,89.1,0
20.6,25.1,63.6,1
29.8,36.6,41.7,0
27.4,44.3,36.4,0
26.7,18.1,63,1
32.4,10.2,63.6,0
54.1,12,42.5,0
36.8,38.3,32,0
27.1,48.9,33.7,0
36,35.5,36.8,0
17.8,67.6,26,0
32,57.9,20.3,1
19.7,37.4,52.3,0
36.5,30.5,44.5,0
18.1,16.8,72.4,1
22,38.1,48.3,1
27.2,52.5,29.5,0
13.7,37.8,59,0
22.9,37.3,50,0
20.5,54.5,31,1
41.9,22.2,41.7,1
17.7,37.1,47.6,0
29.6,45.7,33.5,0
44.3,12.9,53.8,0
13,7.4,88.3,0
27.3,39.9,42.2,0
27.2,54.4,27,0
12.1,49.4,47.2,0
18,34.6,57.6,1
8.5,41,60.4,0
28.6,36.8,43.2,0
59.7,34,18.5,1
17.1,31.5,57.2,1
31.4,22.5,51.6,0
43,32.8,34.1,1
16.6,61.6,32.3,0
10.6,15.1,81.2,0
16.8,24.3,64.8,0
20.5,27.9,59.6,1
15.5,25.3,67.3,0
20.7,43.6,41.9,0
7.9,47.3,54.2,0
15.3,38.6,55.7,1
51.2,17.6,38.9,0
18.8,36.4,53.3,0
28.1,27.6,52.1,0
23.2,43.4,43.2,0
29.6,34.6,47.9,0
15.4,16.8,79.5,0
18.8,29.4,58.4,1
17.6,19.5,72.3,1
53.5,29.8,27.2,1
31.1,16.4,65.3,0
32.8,14,62.1,0
18.1,40.1,50.9,0
21.7,40.5,47.1,1
17.7,18.3,72.9,0
30.9,62.1,12.5,0
15.7,62.9,28.4,0
42.7,16.6,47,0
18.7,22.9,68.6,0
12.9,68,29.1,0
42,23.2,42.8,1
22.2,27.7,58.3,0
18.4,32.7,60.7,0
35.7,35.2,37.2,0
7.5,14.7,88.8,0
11.2,27.4,72.2,1
18.4,22.1,69.2,0
42.7,23.6,42.3,0
11.5,46.8,47.8,1
9.2,46.4,56.7,0
6,6,96.6,0
19.6,27.3,61.3,0
34.6,32.4,42.7,0
12.3,15.9,83.7,0
33.8,36.3,37,0
9,17.2,82.5,0
32.8,21.7,53.4,0
17.9,28.4,61.8,0
37.5,19.4,54.3,0
15.2,32.9,63.2,1
20.3,42.5,49,0
18.8,25.1,67.8,1
61.3,13,33,1
20.6,16.1,72.5,0
36.1,19.2,52.7,1
12.9,22.1,75,0
23.2,38.3,49.3,0
52.9,29.2,28.5,0
17.8,38.6,49.8,0
22.1,45.6,38.9,0
55.1,28.6,27.9,0
13,17.5,77.7,0
42.9,22.4,41.3,0
21.6,43.8,45,0
13,53.7,43.1,1
23.9,23.7,60.6,0
13.1,35,59.2,0
28.7,14.4,69.2,0
45.9,24.5,36.8,1
28.4,54.6,29.5,0
22.5,16.6,68.5,1
7.4,37,64.8,0
43.2,48.1,20.7,0
6.7,50.2,54.4,0
23.8,33.6,53,0
43.9,31.7,33.8,0
14.4,48.3,43.3,0
21.8,63.6,24.3,1
10.2,36.5,62.7,0
6.2,19.3,84.1,0
19.6,14.6,77.1,0
18.2,63.5,25.4,1
41.5,48.3,16.7,0
53.6,15.8,38.2,0
32.8,43,33.2,0
64.5,23.9,23.3,0
9.6,9.4,90.2,1
53.3,23.7,31.8,0
25.2,9.7,73.5,0
53,43.1,13.2,0
52.9,37.6,18.7,0
8.5,16.2,85.7,0
9.9,35.5,65.1,0
41.7,21.9,46.5,0
26.9,22.1,62.4,0
43.6,27.6,36.1,0
23.9,33.8,54.4,0
14.9,30.8,61.4,0
9.7,44.1,54.5,0
19.1,18.3,73,0
14.2,23,72.7,0
23.5,26,60.3,0
29.8,27.7,52,0
58.7,29.1,22.4,1
12.8,12.9,82.7,0
28,17.7,60.9,0
17.8,32.5,59.7,1
68.3,31.8,12.1,0
22.85,38.8,46.85,0
17,26.9,64.9,0
43.9,22.2,42.7,0
22.6,52.2,33,1
63,23,23.5,0
17.8,27.7,62,1
28.5,12.3,67.9,0
39.6,40.6,26.2,0
23.3,22.8,62.6,0
32.4,20.9,53.2,0
40.6,31.3,40.4,0
63,13.4,31.7,0
12.7,28,68.5,1
34.1,33,43.5,0
16.4,35.8,55.7,1
53.2,30.2,30.8,1
7.38,9.55,92.47,0
33.9,43.3,33.1,0
16.8,38.7,53,1
14.7,25.9,66.1,0
34.8,32,41.4,0
27.1,28.7,54.8,0
58,21.4,27.1,1
9.3,17.9,81.7,1
6.7,40.1,63.4,0
17.4,17.1,71.2,0
23.6,30.9,54.3,0
36,20.4,52.4,0
9.5,50.1,50.7,0
22.7,13.4,72.9,0
37.5,42,30.7,0
26.9,33,48.8,0
23.5,36.8,45.8,0
23.6,51.7,32.7,0
14.4,34.5,61.5,0
32.7,22.4,53.3,0
26.8,24.6,55.9,0
43.4,17.6,47.7,0
55.9,6.3,46.5,0
10.8,33.9,66.1,0
6.6,45.8,55.6,0
61.3,13.5,33.1,0
14.8,67.8,25.9,0
26.8,13.6,69.7,0
18.6,56.9,34.1,0
22.2,37.2,47.7,0
24.7,20.5,65.1,0
22.4,14.1,73.9,1
13.5,22.5,73.9,0
5.8,19.8,81.9,0
40.9,32.6,35.2,0
12.6,68.7,32.6,0
31.9,34.1,44.3,0
38.8,23.7,47.5,0
10.7,25,72.3,0
17.2,32.3,55.3,0
23.6,12.9,71.5,1
25.7,42.5,40.6,1
31.4,49,28.9,0
27.6,27.1,51,0
29.4,60.1,14.5,0
44.3,34.4,32.4,0
53.7,28.4,28.1,0
12.1,57.1,37.9,0
33.2,34.6,43.1,0
52,27.7,26.6,0
51.4,28.3,26.5,0
43.6,42,24,1
33,58.4,18.1,0
13.2,42.7,52.2,0
22.8,45.4,42.1,1
60.3,2.4,46.6,0
27.3,28.1,53.6,0
18.5,30.1,61.1,0
52.5,23.6,33,0
26.2,29.1,56.9,0
8.6,36.6,61.4,0
53.9,23.1,33.4,0
33.5,28.3,45.6,0
32.4,62.7,12.6,0
20.8,39.8,49.3,0
12.5,26.2,68.2,0
17.6,37.5,52.8,0
17.5,61.8,30.7,0
17.6,38.6,53,0
43.7,23.1,42.8,0
49.8,33.5,28,1
38.6,58.4,9,0
24.9,26.4,55.6,0
63.3,17.8,30,0
12.1,22.3,73.4,0
28.2,17.2,65.4,0
34.1,23.5,52.7,0
38.8,41.6,26.7,0
28.8,25.8,53.8,1
12,49.9,48.3,0
27.3,17.1,63.9,0
15.1,59.5,34.3,0
42.9,14,51.5,0
39.2,24.2,46.4,0
23.3,66.3,19.7,0
14.5,28.7,71.9,0
15.1,33,60.6,1
45.7,40.8,20.1,0
16.5,22,66.2,0
35.8,36.5,37.1,0
28.1,8.1,72.1,1
29.1,55.9,25,0
18.5,28.2,62.5,0
18.9,27.7,63.1,0
31.9,43.2,32.3,0
33.5,37.5,38.4,0
17.6,24.7,65.8,1
24.3,26,59.5,1
40.8,23.6,41.9,0
42.8,12.6,52.6,0
12.5,14,83.8,0
15.5,47.2,42.3,0
18.4,40.6,51,0
35.8,54.4,18.3,0
41.8,28.6,37.5,0
52.8,14.1,44.2,0
17.2,26.8,61.8,0
40.7,25.9,45.6,0
17.2,25.5,65.3,1
16.2,36.4,59,1
22.6,22.8,62.9,0
3.2,102.4,5.1,0
41.2,23.2,43.7,0
15.2,48.6,48.4,0
24.4,33.6,49.9,0
10.2,24.5,75.3,0
34.2,12.1,62.7,0
13.4,34.9,62.3,1
37.4,26.8,41.8,0
42.7,38.4,30.1,0
9.9,31.7,64.6,0
21,58.1,31.7,0
22.5,14,72.9,1
15.6,5.3,87,0
13.7,24.3,69.3,1
20.1,19.6,74.1,0
19.3,58.3,34.4,0
6.7,20.7,82.5,0
83.1,12.4,12.3,0
18.2,17.2,72.9,0
10.7,48.1,53.5,0
18.2,49.7,42.9,0
13.1,16,80.4,0
27.5,37.9,43.9,0
30.1,12.1,65.6,0
35.4,28.5,46.7,0
24.2,44.6,42.8,0
27.6,27.2,51.6,0
6.5,22,77.1,0
42.7,32.5,32.6,0
32.1,40.8,35.9,0
22.5,6.2,79.6,0
30.2,33.5,44.9,0
14.2,36.8,58.9,0
83.2,20,7.5,0
33.2,33.1,40.8,0
17.6,40.4,47.8,0
46.6,56.9,5.1,0
32.2,35.2,41.5,0
9.2,33.2,67.3,1
21.9,27.3,57.3,0
23.4,42.9,40.2,0
38.4,38.8,31.5,0
14.6,23.6,73,0
42.6,22.3,42.4,0
41.5,31.3,32.7,0
13.4,25.4,70.5,0
22.2,25,63.5,0
11.1,57.7,42.5,0
38.2,22.5,48.8,0
67.6,2.3,39.8,0
8.6,13.9,88.5,0
12.4,64.5,33.7,0
32.4,24.5,52.4,1
52.7,21.9,32.6,0
18.1,25.4,64.9,0
38.2,33.6,36.7,0
36.4,33.1,34.4,1
64.1,23.1,24.1,0
17.5,23.9,67.5,0
35.4,52.9,23.6,0
54.2,10.7,42.8,0
31.2,71.8,8.3,0
23.2,29.5,55.1,0
7.7,8.1,90.9,0
22.7,54.2,32.3,0
31.4,23,53.5,0
27.1,44.3,37.5,0
22,74.3,12.3,0
15.2,76.4,13.7,0
23.1,72.9,12.4,0
8.2,54,47.3,0
37.6,16.8,52.9,0
25.2,25.5,58.7,1
33.2,17.9,55.9,1
33.5,42.2,31.6,0
30.9,32.5,41.7,0
20.1,13.6,78.4,0
30.3,7.1,72.8,1
12.5,42.2,53.1,0
43.3,23.6,41.2,1
6.8,38.1,63.2,0
23.4,44.5,40.2,0
27.2,46.6,35.7,0
19.4,43.4,46.8,0
21.3,20.6,65.2,0
9.6,52,46.9,0
39.4,17.9,52.1,0
78.1,17,12.6,1
62.3,12.2,33.7,0
14.1,32.5,62.8,1
10,24.9,73.3,0
12.3,23.5,73.2,0
28.2,19.1,65,0
32.9,18.5,57.7,0
54.6,21.1,33.6,0
10.8,8.4,88.3,0
21,45.4,43.7,0
12.6,21.1,74.4,1
42.6,43.5,23.8,0
39,7.1,63.2,0
13.3,17.5,78.6,0
24.3,43.3,43.9,0
13.7,22.1,72,0
27.9,6,72.2,0
62,18.4,28,0
36.1,36.4,38,1
17.8,21.5,69.3,0
23.3,17.6,67.9,0
11.8,15.3,81.6,0
22.5,22.5,62.5,0
34.3,35.2,34.7,0
62.8,33.9,13.7,0
19.7,35.9,54.5,0
15.2,45.3,45.9,0
31.2,35.6,38.7,0
14.8,43.9,53.3,0
9.4,32.6,63.7,0
11.2,34,62,0
14.8,60.4,35.4,0
24,28.5,55.9,0
29.1,29,51.7,0
26.7,2.7,77.7,0
55.5,30.5,24.5,1
52.6,19.7,36.8,0
27.9,26.5,52.8,0
21.5,63.1,21.8,1
42.8,52.7,13.8,1
23.9,45.3,38,0
12.1,22.1,72.2,0
34.2,23.3,53.7,0
12.8,50.4,46.5,0
29.1,8.1,73.4,1
19.9,39.2,51.2,1
32.7,53.6,24.2,0
16.8,27.7,64.4,0
27.2,59.7,19.7,1
22.2,38.6,47.7,0
22.5,50.2,34.2,0
53.2,23.5,32.8,0
23.6,13.9,74.3,0
16.1,15.3,77.8,0
18.9,17.8,73.1,1
7.1,73.7,29.2,0
42.8,34.4,33.6,0
7.7,32,67.2,1
24.8,20.2,65,1
20.9,21.4,60.8,0
11.7,10.2,88.7,0
22.7,62.5,23.8,0
54.1,27.2,28.8,0
9.9,25.4,72.3,0
25.4,31.4,52.5,0
21.4,31.5,51,0
17.2,30.3,62,0
27.5,64,18.6,0
15.1,21.4,72.2,0
15.6,31.9,58,0
6.6,5.2,97.4,0
12.5,32.7,64.9,0
42.6,13,54.5,0
14.7,19.4,73.9,0
27,26.7,53.7,0
35.8,36.8,34.1,0
26,14.5,64.8,1
58.2,34.1,17.9,0
33.3,43,31.5,0
37.2,16.5,55.3,1
36.5,20.9,48.9,0
8.9,38.5,61.9,1
18.9,33.4,56.7,0
32.3,11.3,61.8,1
8.9,38.2,62.5,0
12.9,42.4,51.6,1
22.5,50.1,38.6,0
12.6,22,71.4,0
20,33.7,55.7,0
14.9,12.9,82.4,0
22.7,7.1,78.9,0
43.2,14,54.3,0
28.5,53.6,26.5,0
25.7,16.7,67.1,0
42.3,41.3,22.9,0
43.2,13.3,55.1,0
27.1,27.5,53.8,0
22.7,63.1,24.1,1
72.4,21.9,12.4,0
36.4,37.1,34.9,0
27.3,44.5,41.7,0
18.03,12.65,75.42,0
17.7,18.7,71.8,0
22.6,34.4,52.5,0
44.5,38.7,27.9,0
18.2,67.7,20.5,1
44,24.4,42.8,0
20.9,50.5,38,0
16,13.6,81.4,0
15.7,45.5,49.3,0
19.1,71.3,15.4,1
24.2,26.8,57.5,1
13.8,41,52.7,1
12.4,25.1,73.2,1
13.8,49.3,46.8,0
13.7,36.2,59.8,1
11.9,57.6,37,0
13,13.8,84.8,1
42.2,22.6,43.8,0
23.3,18.4,68.7,0
35.8,37.7,36.5,1
12.4,26.4,71.8,0
22.4,27.3,57.1,0
14.7,18.6,78.6,0
33.1,44.2,33.1,0
18.5,29.2,63,0
37.6,41,30.2,0
8.3,11.5,88.3,0
23.7,42.6,42.4,0
16.7,41.8,48.9,0
30.4,35.7,43,0
7,11.3,86.4,0
8.7,37.3,63.4,0
41.3,22.2,44.6,0
20.4,6.6,80.3,1
69.2,15.3,25.8,0
63.2,12.9,31.6,0
43.5,33.1,32.8,0
39.8,34.6,35.3,0
46.7,45.4,15.9,0
37.4,17.8,53.2,0
29.3,54.1,26.3,0
5.9,22.2,78.9,0
30.6,28.5,52.4,0
40.5,10.8,59.4,0
51.7,38.2,19.3,0
13,21.9,73.5,0
15.1,54.1,41.6,0
11.2,7.1,91.9,0
8.3,49.5,50.7,1
16.3,8.8,82.1,0
18.8,65,24.2,0
17,13.6,77.9,0
35.9,29.3,44.3,0
15.1,27.7,65,0
23.6,22.7,61,0
39.1,47.5,22.3,1
28.9,14.7,69.3,0
39.2,27.8,43.9,0
53.4,4.8,50.3,1
20.2,23.2,65.4,0
30.3,56.9,21.4,0
24,30.5,56.4,0
17.5,12.6,77.3,0
23.6,10.8,74,0
67.7,24.3,16.3,1
35.8,22,52.8,0
16.9,40.2,51.2,0
30.5,21.6,58.6,0
16.9,39.8,54.8,0
13,32.7,62.6,0
54.4,33,23.6,0
43.2,18,46.4,0
7.6,34.8,68.1,0
31.3,27.9,51.6,0
24.7,26.2,59.8,0
12.7,33.5,64,1
7.8,38.7,63.6,0
32.1,24.1,53.8,0
18.1,53.5,40.8,0
51.5,24,32.1,0
17.9,30.2,61.7,1
32.2,18.9,58.5,0
32.2,18.3,59.3,0
21.9,49.1,38.3,0
18.5,37.6,52.2,0
13.9,25.8,71,1
42.7,21.7,42.1,1
11.9,64.2,32.9,0
15,30.2,64.7,0
9.1,27.5,74.4,0
61.4,33.5,13,0
55.4,27.4,28,0
8.2,28.6,72.2,1
8.2,29,72,1
83.2,22.5,6.3,1
15,46.5,46.7,0
16.2,50.1,41.9,0
21.9,12.7,71.9,0
13.3,13,85.1,0
28.1,16.2,64,0
42.6,28.6,36.8,0
20,38.1,48.9,0
33.1,33.1,42.2,0
61.1,32.2,14.7,0
53.1,11.2,44.3,1
43.2,15.1,46.9,0
12,26.7,68.8,0
19.1,17,71.4,0
33.1,27.6,48.5,0
52.1,24.5,31.9,0
38.1,13.5,57.3,0
61.4,14,35.3,0
24.4,43.1,40.8,0
53.3,13.1,41.5,0
12.8,16.5,78.4,1
10.8,57.7,41.4,0
9.5,24.4,75.9,1
57,26.5,26.6,0
10,36.5,60.5,0
33.4,28.8,49.9,0
18.5,20.6,70.1,0
12.9,60.4,33.5,0
19.7,12.8,76.6,0
33.1,21.9,54.1,1
29.2,19.1,62.5,0
72.6,22.5,12.9,0
18.7,22.4,69.9,0
15.7,25.5,68.6,1
7.9,9.2,93.4,0
39,26.4,44.6,1
11.5,54,45.8,1
11.2,9.5,88.1,1
29.4,18.3,63.7,0
18.6,30.2,61.7,0
28.3,32.5,49.4,0
10.1,29.1,68.7,0
11.6,21,76.4,0
8.1,25.7,77,0
43.7,40.6,26.3,0
77.9,7.3,22.8,0
18.15,62.7,27.15,1
45.9,44.2,15.8,1
15.3,12.5,81.6,1
32.6,13.1,64.8,1
32.9,14.2,63.6,0
23.4,41.5,43.1,1
67,14.6,27.1,0
69.3,21.9,17.2,1
61.9,22,23.2,1
17.4,23.1,70,0
12.7,17.6,77.6,0
21.4,19.7,68.3,0
12.6,16.4,77.9,0
12.8,44.6,53,1
28.4,43.8,35.3,0
8.6,11.8,87.2,0
9.6,25.8,72.6,0
17.9,17.7,72.6,1
22.8,34.5,56.4,0
29.2,33.6,47.5,0
21,38.2,53.7,0
28.5,22.8,58,0
21.6,58.9,29.4,0
41.4,19.1,49.3,0
15.1,28,68.2,1
19.6,53.3,37.4,0
42.9,43.7,23,0
15.1,59.8,32.6,0
12.2,21.3,77.2,0
29.1,29.9,49.5,0
43.6,23.6,43,0
18.8,42,50.4,1
28.7,29.8,52.2,0
33.5,24.6,49.1,0
36.4,38.7,34.8,0
19.7,64.3,26.5,0
18.7,40.7,50.1,0
44.5,22.9,43.2,0
35.4,56.2,17.2,0
21.2,11,77.2,0
37.6,17.9,52.1,0
53,23.4,33.4,0
13,32.8,62.2,1
80.7,22.9,4.5,0
7.7,16.9,84.5,0
27.7,24.2,56.1,0
26.1,57.1,26.6,0
22.2,22,66.6,1
13.6,14.2,81.1,0
24.5,22.1,63.5,0
53,23.2,33.4,1
14.6,31.4,61.7,0
18.9,32.1,57.2,0
37.4,19.6,51.2,0
11.6,62.3,31.1,0
10,34.9,59.9,1
17.8,57.5,32.3,0
33.8,51.5,24.3,0
10.8,34.6,62.7,0
19,54.7,34.2,0
40.9,44.8,24.9,0
11.3,16.8,80.5,0
24.9,7.6,76.1,1
23.1,37.4,48.7,0
33.5,23.3,53.6,0
21.2,39,49,0
13.5,31.8,64.5,0
39,50.4,20.1,0
33.9,17.2,58.2,0
27.7,53.6,30,0
15.6,25.6,69.9,0
22.7,42,42.4,1
16,15.8,76.5,0
36.3,47.9,23.3,0
47.8,22.5,38.8,0
33.9,17.5,58.2,0
11.4,38.3,60.2,0
32.5,29.5,47.2,0
67.2,28.5,14.4,1
25.9,57.5,25.6,0
10.5,31.4,69,1
35.9,30.7,42.2,0
36,31.9,42,0
26.2,38.8,40.7,0
32.5,21.3,54.8,1
13.4,27,66.4,0
27.7,49.4,31.8,0
37.9,21.6,48.3,0
24.6,32.9,51.9,0
25.6,43,42.1,0
14,33.3,63.2,0
31.7,36.5,37.3,0
57.2,9,42.8,0
55.6,8.3,45.2,0
11.4,28.4,68.7,0
23.5,31.3,52.3,0
46.4,13.6,48.1,0
51.65,1.7,56.15,0
14.1,19,75.3,0
33.6,19,56.9,0
9,17,83,0
15.8,103.4,44.1,0
32.6,34.8,44.1,0
7.3,26.4,74.8,0
27.1,65.9,14.2,0
18.7,43.4,47.7,1
43.3,19.6,47.9,0
22.4,43.5,43,0
22.3,58.8,28.3,1
18.9,6.8,80.9,0
8.3,28.3,75.4,0
33,23.9,51.4,1
12.5,15.1,73.7,1
16.1,39.3,54.7,0
9.6,40.3,61.6,0
47.1,21.1,41.9,1
34,36.8,36.6,0
21.5,35.5,52.6,0
11,11.9,54.7,0
21.1,34.7,54.4,0
32.7,32.7,43.8,0
42.1,17.7,47.1,0
28.2,28.4,53.4,0
24.7,21.8,27.7,0
35.1,28.9,44.3,1
63.9,22.5,19.3,0
3.1,22.1,71.4,0
29.3,40,41.9,0
11.8,43.3,51.5,0
51.7,28.1,27.5,0
11.6,26.5,27.7,0
23.3,7.2,62.4,1
82.4,11.4,11.3,0
28.7,24.2,50.3,0
21.1,9.1,78.6,1
18.7,26.5,63.8,0
11.4,20.3,77.6,0
21.1,19,65.7,0
28.5,11.8,66.9,0
32.4,22.4,53.1,1
28.2,17.3,51.1,0
6,22.5,81.2,0
17.5,51.8,37,0
13.5,19.6,64.3,0
22.3,43,44.4,0
92.7,46.5,46.1,0
17.8,38,52.6,0
94.4,32.1,24.3,0
18.8,29.1,60.6,0
12.9,51.4,45,0
6.7,47.2,52.6,0
39,38.7,31.8,0
6.2,9.9,94.2,0
14.8,41.8,52.7,1
3.5,15.3,53.1,0
12.9,13.5,83.7,0
27.3,30.3,55.3,0
40.1,15.7,51.6,0
15,24.9,53.3,0
17,39.9,53.2,0
31.36,57.32,21.62,0
5.7,36.9,47.9,1
17.9,38.1,56.6,0
9.2,69.6,34.1,0
6.8,18.9,55.8,0
43.5,11.6,42.9,0
43.3,34.4,32.9,0
17.3,18.3,73.7,0
39,43.1,27.7,0
4.3,21.3,14.1,0
23.3,26.2,62.2,1
27.2,27,53.7,0
19.8,36,54.3,0
42.7,24.4,43.1,1
27.5,14,69.5,1
31.6,22.7,53.1,0
29.2,16.5,32.6,0
24.3,22.5,62.3,0
7.8,18.1,83,0
23.3,35,52.9,1
38.3,32.2,16.7,0
8.5,83.3,12.6,0
33.4,22.1,42.4,0
23.2,64.3,24,0
18,13.5,78.9,0
26,41.6,43.7,0
18.4,20,72.7,0
11.8,24.5,73.8,0
40.7,11.8,37.8,1
10.8,32.5,65.7,1
11.7,27.9,68.7,0
10.3,9.3,31.9,0
16.2,17,48,0
10.6,39.9,61.1,0
10.2,34.2,64.9,0
48.5,12.6,48.2,0
42.6,21.4,42.5,0
33.3,6.2,32.8,0
21.7,21,70.3,0
43,24.1,44.5,0
18.7,15.9,72,0
41.6,45.6,23.3,0
18.9,49.4,44.5,0
16.2,48.9,43,0
12.6,55.2,39.1,0
22.9,45.3,40.1,0
62.6,31.4,12.1,1
40.1,13.7,52.7,0
12.3,33.9,63.9,0
26.5,11.7,27.9,0
28.5,33.7,48.2,0
24.1,34.1,52,0
19.1,56.9,33.4,0
13,29,69.3,0
42.5,44,23.7,0
11.6,15.2,80.4,1
23.5,23.3,62.8,0
23,30.6,57.4,0
16.2,28.7,47.9,0
17.7,24.1,57.2,0
10.9,33.2,60,1
22.9,32.5,41.2,0
18.1,74.4,17.1,0
9.01,27.34,52.03,0
22.3,25.9,41.8,0
51.1,22.7,34.7,0
17.5,27.4,62.9,0
27.8,23.7,37.4,0
8.3,38.7,52.2,0
13,63.9,33.2,0
18.8,24,57.7,0
22.4,21.2,64,0
17.4,38,21,0
42.1,32.7,33.5,0
32.6,44.5,32.5,0
12.4,18.5,71.5,0
7,10.2,89.6,1
6.8,11,53.2,1
52.1,34.5,21.6,0
23.4,17,67.7,0
12.1,21.3,65.1,0
12.2,53.4,43.6,0
36,36.5,35.7,0
22.4,41.4,46.9,0
32.3,28.7,27.6,0
52.8,24,32.5,0
8.2,18.7,83.4,0
12.3,23.1,74.6,0
5,41.3,63.7,0
8.3,10.5,89.9,1
5.2,45.3,58,0
14,51,43.3,0
60.5,16.1,32.6,0
15,21.8,71.8,0
12.2,23.8,44.7,0
30.2,36.6,23.2,0
14,25.6,68.5,0
31.6,18.5,57.5,1
15.4,21.6,74.2,0
19.1,24.7,66,0
13.1,18.4,77.4,0
72.8,25.5,10.9,0
22.8,77.6,7,1
16.3,29.2,64.3,0
12.7,43,52.5,0
18.7,38.1,37.9,0
25.4,15,48.3,0
32.9,34.5,42.7,1
34.7,44.2,28.5,0
16.23,14.73,57.6,0
21.3,19.4,67.8,0
14.29,32.28,65.23,1
42.8,28.7,39.3,0
33.1,43,32.4,0
7.1,27.2,48.6,0
11.2,23.4,73.1,1
21.8,29.2,57.9,0
24.2,22.6,61.3,0
19.5,39.5,53.2,0
6.1,18.2,80.9,0
30.5,43.1,34.9,0
39.2,50.2,24.9,0
14.9,11.8,54,0
37,35.8,35,0
16.2,27.7,68.9,1
15.5,22.3,69.9,0
10.9,17.8,65,0
20.3,60.7,28.6,0
30,32.3,45.9,0
9.8,15.6,48.9,0
8.9,10.4,60.3,0
4.7,36.7,67.4,0
38.6,13.4,29.4,0
17.7,13.1,72.7,0
9.6,13.5,84.1,0
11.7,21.2,63.2,0
18.6,37.6,52.6,0
32.5,43.4,33.1,0
5.2,20.9,63.2,0
5.3,6.6,20.8,0
24,45.6,49.5,1
31.1,23,53.7,0
20.3,7.2,30.8,0
18.4,39.9,51.7,0
23,43.1,43.3,0
11.2,27.2,70.8,0
22.3,32.8,27.2,1
33.4,22.9,32.9,0
12.4,8.7,44.4,1
19,33.9,57.2,0
28.6,6.1,60.7,0
10.1,45.8,53.9,0
12.6,35.2,62.4,1
14.3,87.6,6.2,1
14.5,14.9,78.1,1
16.7,19.7,73,0
23.4,43,43.6,0
33.3,13.7,62.7,0
43.6,13.9,52.8,1
4.6,4.4,57.4,1
18,31.2,47.5,0
12,23.6,37.9,0
6.6,28,73.5,0
35.9,35.7,38.1,1
12.1,27.1,52.9,0
19.3,24,64.4,1
11.5,42.5,57.3,1
9.3,14.5,7.7,0
10.17,33.93,65.9,0
16.3,21.1,67.9,0
42.7,13.9,52.8,0
17.3,27.4,63.5,0
7.9,18.6,83.4,0
19,27.5,46.5,1
34,32.4,44.1,1
13.6,7.6,77.2,1
40,50.6,17.2,0
8.2,63.4,38.8,0
82.6,16.8,8.2,0
23.4,22.1,61.7,0
24.5,50.7,32.8,1
17.8,19.6,54.4,1
14.9,29.2,63.9,0
28.7,27.8,53.4,0
26,53.1,29.5,0
10.2,26.4,72.7,0
10.1,22.7,43.6,1
17.3,33.2,58.7,1
27.6,31.8,48.5,0
24.5,37.3,50.9,0
18.3,36.5,55.3,0
13.1,42.5,52.1,0
14.9,12.6,83.7,0
11.9,23.2,35.2,0
23.5,17.1,22,0
33.2,18,54.2,0
27.8,42.3,36.7,0
32.9,11.5,64.3,0
23.2,16.9,42.4,0
13.4,13.3,82.8,0
6.8,44.4,50,0
17.6,28.3,47.6,0
32.9,23.5,52.7,1
43.5,23.8,43.7,0
14.7,32.7,27.3,0
28.3,55.5,28.3,0
28.1,28.2,51.3,0
10.5,26.8,61.5,0
29.8,51.3,28.2,1
41.5,17.17,50.1,0
33.5,40.7,32.4,0
21.3,10.1,78.1,0
23.5,52.9,52.9,0
48.4,38.4,25,1
33,23.2,33.1,0
17.4,25.8,64.9,0
13.6,13.8,82.9,0
36.1,39.3,30.9,1
21.6,69.3,17,1
11.4,16.8,79.1,1
23.5,22.4,62.3,0
28.9,42.8,36.3,0
32.3,23.2,53.2,0
19.7,58.3,29.9,0
8.6,12.4,87.9,1
38.6,33.3,38.8,0
28.2,26.5,50.9,1
10.2,21.1,77.3,0
15.7,24.7,50.3,1
22.4,12.4,22.5,0
13.1,33.7,52.9,1
10.6,25.5,37.2,0
23.6,48,33.5,0
12.8,33.4,62.6,1
14.4,43.2,53.8,1
12.8,41.4,53.8,0
17.1,46.3,44.9,0
18.6,23.2,67.7,0
35.7,28.9,39.8,1
22.6,24.8,63.3,1
20.23,9.33,23.6,0
10.2,12.6,73.6,0
42.8,18.3,47.9,0
33.1,14,52.8,0
13.8,22.5,25.9,0
13.8,45.8,49.7,0
17.9,13.1,76.2,1
10.3,26.3,73.7,1
17.4,36.1,53.3,0
24.1,34.2,50.6,0
24.6,35.4,50.7,0
7.6,36.1,62.4,1
14.6,29.6,62.6,0
20.87,41.12,29.62,0
30.1,35.9,43.2,0
12.6,12.7,82.6,0
12.9,12.5,82,1
9.9,27,68.8,0
47.6,22.6,36.1,0
59.3,17.9,31.8,1
13.8,14.1,30.2,0
16.2,14.2,78.4,0
12.2,61.7,31.9,0
42.7,34.7,30.9,0
8.6,20.6,79.5,0
20.5,25,64.7,1
24.8,15,39.3,0
26.9,31.3,54.1,0
23.6,63.2,22.4,1
5.6,6.4,97.9,0
14.7,45.4,48.1,0
33.7,23.2,53.5,0
20.2,9,79.3,1
26.3,24.1,58,0
18.9,29.7,64,1
31.6,24.7,53.5,0
22.1,8.8,77.9,0
62.3,32.7,12,0
18.9,14.1,78.8,0
23.6,39.6,46.8,1
9.6,35.6,66.1,0
11.1,39.6,49.4,0
11.7,17,77,1
32.5,18.9,58.5,1
25.3,41.6,43.3,0
34.9,22.6,51.5,0
26.4,27.4,52.1,0
12.4,33.9,63.8,1
17.3,21.1,71.5,0
41,11,56.9,0
17.4,38,52.5,0
11.5,37,57.7,1
14.43,7.74,85.93,0
9.4,25.6,72.8,0
26.8,33.2,47.9,0
44.4,24.6,43.6,0
49.2,23.2,35.5,0
12.1,17.7,81.2,0
27.8,68.2,13.5,0
33.5,12.3,65.2,0
34.1,38.8,38.8,0
62.8,23.6,22.6,0
14.8,21.9,3.61,0
27.5,54.2,29.3,0
13.4,32.3,64.2,0
46,10.6,51.4,0
27.2,47.9,32.4,1
28.3,35.8,45,0
18.2,58.9,32,0
22.7,10.3,77.2,0
17.5,53,36.6,0
33.6,31,45.6,0
8.4,47.9,54.3,1
10.9,12.6,87.3,0
51.1,21.8,36.4,0
40.47,4.02,63.31,0
70.4,11.5,26.3,1
8.6,48.7,55.7,0
32.8,23.5,54.8,0
31.8,32,45.7,0
8.7,22.3,76.6,0
16.7,37.6,56.4,0
13.6,42.2,52.6,0
53,38.6,20.2,0
33,51.8,22.6,0
43.4,13.4,52.8,0
16.9,39.5,54.3,0
15.9,27.6,67.1,0
18.8,28.4,64.4,0
24.3,22.1,63.2,1
36.8,49.4,25.9,0
65.3,33.2,11.7,1
22.9,12.8,72,1
7.2,6.9,99.5,0
11.4,21.8,77.8,0
22.5,53.1,33,0
13.6,23.5,71.7,0
39.7,24.3,47.1,0
17.4,34.8,55.8,1
18.9,26.2,63,0
9.7,25.2,74.7,1
9.7,6.7,70.1,1
9.2,15.4,84.5,1
26.8,30.4,55.3,1
18.2,32,57.4,0
23.3,36,51,0
36,35.9,35,1
13.9,26.9,70.2,1
81.2,14.7,13.2,0
15.4,31.8,61.2,0
22.2,21.9,62.7,0
27.2,16.2,62.5,0
23.1,68.2,18,0
45.1,17,47.8,0
8.9,37.4,64,0
23.5,31.8,52.6,0
39,19.2,52.3,0
33,22.7,54.9,0
10.9,39.4,61,0
37.5,17.8,53.2,0
22.6,28.1,58.6,0
18.9,18.8,54.6,0
27.5,52.4,28.7,0
26.8,55.8,25.8,0
33.5,40.8,31.6,0
43.8,10,55.5,1
7.6,57.8,44.5,0
15.9,27.1,63.1,0
17.3,48.8,58.2,0
28.7,26.7,54,0
15.8,31.4,62.4,0
10.3,31.4,68.8,1
19,22.8,68,1
34,23.9,51.6,0
11.3,36.1,63.7,0
19,27.6,64.9,0
49.4,14,47.1,1
43.8,28.5,36.4,0
7.7,40.2,59.5,0
19.7,57.5,31.5,1
24.5,39.3,45.7,0
37.3,22.3,48.4,0
10.9,41.9,56.5,0
16.9,22.7,68.8,0
22.4,52.1,31.8,0
42.9,32.1,33.2,0
27.1,20.5,58,1
28.9,18.4,62.2,1
8.5,22.9,76.7,0
34,23.2,53.6,0
37.1,37.1,36.2,0
28.8,53.1,28,0
44.2,23.4,44.4,0
38.9,43.4,27.6,0
16,35.4,57.7,1
32.9,14.2,62.9,1
33.9,33.8,41.5,0
18.3,43.1,46.4,0
52.5,42.5,12.3,0
13.3,31.6,65.5,0
38,28.1,42.4,0
22.6,43.2,44.1,0
44,24.6,43.7,0
21.5,19.2,68.5,0
22.7,41.5,43,0
22.3,12.3,73.7,0
34,19,56.4,0
17.7,25.4,62.3,0
12.9,69.3,28.3,0
47.6,29.3,32.8,0
33.6,34,42.4,0
28.7,53.2,29.3,0
31.2,27.7,53.2,0
48.3,32.9,26.1,0
32.9,23.2,54.8,1
18.5,39.6,54.1,0
20.5,21.5,69.2,0
21.5,23,63.2,0
34.2,44.1,34.3,1
19.2,27.4,62.3,1
46.7,14.2,48,0
34.6,39.9,36.6,1
43.7,23.2,43.1,0
61,19,30,0
62.8,22.2,22.1,0
42.6,23.4,44,0
23.1,33.3,52.5,0
28.8,16.9,62.8,0
44.6,24.7,43.8,1
14.4,43.6,53.4,0
11.9,27.9,67,0
13.6,35.1,61.8,0
23.7,35.1,54.8,0
22.6,31.5,55.8,0
8.2,22.3,78.5,1
33.2,20,55.5,0
7.9,22.3,77.7,0
23.3,32,51.1,1
26.1,53.6,28.6,0
44.1,37.6,26.9,0
43.3,22.7,42.9,0
43.4,38.6,26.8,0
97.6,4.5,5,1
10.4,23.5,71.2,0
43.6,32.9,33.1,1
42.7,37.2,25.8,0
17.4,59,33.6,1
41.6,12.1,53.7,0
11.4,28.8,71.2,0
31.5,27.1,46.9,0
23.9,11.8,73.1,0
29.2,22.5,57.4,0
16.1,19.2,73.7,0
12.4,32.6,65,0
24.1,10.1,76.5,0
22.9,8.4,78.1,1
44.9,22.5,43.5,0
26.7,26.1,56.7,0
26.6,30.3,49.4,0
28.9,26.9,54.8,0
30.9,47.3,32,0
69.3,22.9,17.9,0
84.8,7.5,17.6,0
58.2,11.7,41,0
13.66,13.7,81.84,1
33.8,22.7,52.3,0
22.1,52.3,33.1,0
28,19.8,61,0
17.2,13.1,80,0
17.1,22.4,68.4,0
31,22.9,53,0
28.2,38,42.2,0
17.5,9.9,62.9,0
16.8,38.1,56.5,0
13.9,53.8,40.6,0
83.3,15.9,7.5,1
10.1,20.5,78.4,1
20.4,17.5,66.9,0
36.1,20.9,52.8,0
7,57.7,41,1
18.3,32,58.4,0
36.9,37.4,34.1,0
15.3,18,76.6,0
24.2,25.1,60.7,0
17,29.1,63.7,1
13.2,30.2,62.8,0
12.3,43.1,52.9,1
28.9,29.2,53.2,0
19.5,26.7,63.4,1
20.1,43.2,47.1,0
9.5,13.7,84.8,1
43.5,22.8,42.5,0
12.5,21.9,71.5,0
22.3,23.3,63.9,0
6.3,13,89.6,0
22.8,28.8,58.3,1
14,32.7,62.4,1
38,33.1,38.3,0
27.2,13.2,69.5,1
33.7,35.2,44.1,0
43.6,32.2,33.6,0
13.1,43.7,53.5,0
18.2,14,78.2,1
7.4,51,48.8,0
23.5,32.3,52.3,0
21.1,23.6,63.7,0
19.3,6.9,77.9,0
44.1,16.1,47.4,0
18.3,14.1,78.1,0
34.8,21.5,55.8,1
17.5,26.3,61.9,0
32.8,33.7,43.9,0
48.2,13.1,47.5,0
15.1,11.6,85.1,0
19.1,25.1,68.5,0
23.3,41.7,44.8,1
54.9,30,28,0
11.2,36.3,61.5,0
32.9,32.7,42.6,0
17.4,39.4,54.9,1
11.23,16.1,80.07,1
18.3,26.3,63.5,1
23.7,48,37.5,1
36.7,32.2,40.3,0
63.5,22.6,21.4,0
30.8,16.4,63.7,0
31.7,36.9,43.8,0
43,23.3,42.5,0
19.4,61.4,28,0
27.5,60.7,23.6,0
15.4,33.4,57.5,0
16.8,37.6,56.4,1
5.1,14.1,23.8,1
9.35,18.35,87,1
13.4,44,50,0
17.6,15.5,80.8,0
53.5,21.4,32.2,0
13,11.8,83.1,0
12.5,83.9,14.4,0
25.4,44.3,37.4,0
33.9,22.6,53.5,0
17.6,40.3,53.7,0
9.9,29.7,69.9,0
32.6,44.3,31.1,0
40.3,29.6,42.2,1
19.7,66.7,21,0
17.3,19.1,73.4,0
27.4,78.1,27.9,0
22,43.1,43.3,0
18.3,22.7,67.1,0
26.5,54.3,27.4,0
10.3,25.3,72.7,1
24.6,42.7,40.9,0
28,37.6,6.9,0
11,35.5,62.5,1
7.7,29.6,68.9,0
45,13.6,50.4,0
19.7,41.9,47.9,0
21.3,21.3,62.5,0
21.8,27.2,57.9,0
27.2,14.4,34.3,0
10.5,36.9,59.2,0
21.9,30.2,55,1
34.5,15,61.9,1
22.7,35.4,49.5,0
23.5,64.4,23.2,0
44.1,23.9,44.2,0
25.7,35.5,46.6,0
16.6,10.7,82.8,1
51.6,31.6,23.7,0
24.4,42.8,44.7,0
19.8,36.4,52.6,1
15.8,56.5,37.9,0
17.8,13.4,76.2,1
29.1,26.9,52.3,1
12.1,32.6,63.8,0
32.4,52.1,22.9,1
28.6,54,28.8,0
27.9,18.2,64.1,0
11.7,32.4,62.1,0
12.3,8.3,87.2,1
22.7,22.1,62.3,0
20.4,26.2,60.5,1
8.9,34.6,65.4,1
24.2,12.6,72.3,0
18.4,64,24.4,0
38.1,45.3,27,0
50.7,29.4,30.4,0
35.7,38,37.3,0
11.1,53.3,45.1,0
6.6,37.6,64.7,0
32.6,24.7,53.6,0
20.7,63.3,22.8,0
22.7,38.4,48.1,0
14.1,51.5,46.4,0
22.9,11.4,72,1
11,14.5,81.7,0
4.5,29.9,76.6,0
46.8,37.7,23.4,0
9.4,30.1,67.7,0
7.3,37.6,62.3,0
9.7,52.6,47.7,0
29.8,29.6,48.7,1
27.6,26,53,0
22.2,38.3,48.4,0
12.6,35.7,60,0
8.3,24.4,77.4,0
23.8,42.5,42,0
13.3,6.4,87.3,0
16,21.9,67.7,0
4.9,13,91.2,0
7.8,17,83.1,0
13.9,39.4,54.4,1
13.9,22.5,73.5,0
8.3,5.6,93.3,0
15.9,12,76.4,1
18.9,53,38.6,0
14.5,18.3,76.2,0
34.4,59.1,14,0
34,34.6,40.1,1
25.2,22,62.8,1
17.4,38,51.6,0
43.2,28.3,38.1,0
18.6,28.4,63.5,1
17.6,29.2,63.8,0
23.6,32.9,52.8,0
12.1,65.4,26.8,0
16.8,72.9,17.3,0
20.8,21.8,63.3,0
49.1,32.6,25.8,0
27.7,43.7,39.7,0
58.1,17.7,34.1,1
33.5,22,51.7,1
22.5,53.9,33.3,0
28,23.6,57.7,0
36.1,32.9,41.5,0
23.7,34.3,51,1
13.2,28.5,68.5,0
33.5,36.7,38.1,0
38.1,35,27.1,0
34.3,24,52.7,0
17.5,26.2,48.8,0
14.6,43.2,52.5,0
39,31.3,38.6,0
45.8,20.7,41.7,0
36.8,13.9,58.7,0
18.5,53.4,37.1,0
16.2,22.6,68.8,0
17.2,38.6,53,1
17.3,36.8,53.8,1
41.2,24.9,41.8,1
32.4,22.3,55.4,0
21.6,17.6,67,0
34.1,20.7,52.8,0
12.4,20,72.6,0
13.4,33.2,62.9,0
44.9,31.1,36.1,0
9.8,14.1,81.2,1
13.8,50.1,43.4,1
22.6,12.6,71.3,0
28.2,53.6,26.9,1
21.4,53.6,33.8,0
16.3,50.4,44.8,0
12.8,19.2,78.5,0
17.8,27.1,64.4,0
34.1,21.5,52.5,0
17.7,30.3,63.3,0
4.9,26.1,78.1,0
13.2,48.9,47.1,0
17.1,20.7,70.8,0
8.1,13.1,89.3,0
22.1,18.8,67.1,0
15,56,40.2,1
9.2,34.8,63.7,0
8.4,15.8,84.3,1
62.6,33.2,13.6,0
22.8,32.1,53.3,0
24.3,12.9,72.5,0
14.8,26.7,67.6,1
13.5,43.4,55.2,0
24.3,2.8,81.9,0
10.85,16.94,82.81,0
6.8,54.7,45.6,0
18.2,46.8,44.1,0
8.6,18.8,83.1,0
11.7,10.2,88.5,0
27.3,31,47.5,1
43.8,23.3,42.6,0
24.2,22.4,63.2,0
18.2,21.8,67.8,0
53.3,44,12.6,0
19.5,16.8,72.1,0
28.7,30.5,47.3,0
6.8,37.8,63,0
52,34,23.7,1
17.5,29.5,63.1,0
37.33,24.82,46.14,0
24,27.4,58.9,0
8.8,20.3,79.6,0
53.6,44,12.8,0
26.4,27.8,54.6,0
16.7,53.9,38.5,0
13.8,21.2,72.8,1
11.1,32.3,64.1,0
18.2,29.2,62.3,0
15.8,28.4,62.2,0
31.9,42.9,32.3,0
12.1,31.8,67.4,1
19.3,20.1,69,0
8.5,73.9,21.7,0
20.2,45.5,43.2,0
37.7,33.9,38.9,0
12.2,26.2,71.2,1
11.4,21.2,70.9,0
18.3,27.7,63.9,1
14.6,22.7,70.3,0
12.07,35.3,63.53,0
32.3,33.2,44.9,0
10.92,20.05,77.93,0
12.7,12.8,82.8,1
20.1,18.7,73.9,1
11.7,31,66.5,0
22.2,27.9,58.9,0
20.5,14.7,72.5,0
33.8,22.8,54.8,0
28,19.3,64,0
18.2,33,60.1,0
16.2,25,67.6,0
12.3,13.2,83,1
15.3,39.7,53.6,0
9.4,16.1,82.1,1
32.9,10.6,63.4,1
43.9,23.3,43.1,0
24.9,29.6,57.1,1
27.1,28.4,51,0
12.92,21.38,73.6,0
15.1,21.2,74.7,0
24.4,33.7,53.4,0
8.5,28.2,74.1,1
13.1,46.3,48.3,0
19.2,33,53.2,0
17.7,36.3,54.2,0
14,14.9,86.1,0
18,53.7,38.3,0
28.3,31.9,49.4,0
26.4,25.9,53.4,0
32.3,24.1,54.5,0
22.9,18.8,68.4,0
40.1,33,35.7,0
33,50.4,23.1,0
8,54.5,44.5,0
22.2,21.7,63.3,0
12.8,23.2,72,0
12.7,28.3,68.9,0
14.5,29.3,67.9,0
35.9,35.2,38.3,1
23.4,22.6,63.4,0
58.1,29.3,22.7,0
12.2,32.3,60.3,0
43.8,42.4,23.9,0
23.9,13.7,72.5,0
37.1,20,53,0
24.1,21.1,61.9,0
24,13.9,74.2,0
48.3,24.2,36.1,0
9.3,18.4,79.7,1
20.5,34.8,53.8,0
17.5,34.8,58.6,0
9.7,42.5,56.9,0
9,8.4,92.3,1
29.2,24.5,58.7,0
9.5,35.2,64.3,0
32.7,31.9,41.4,0
14.5,21.6,71.1,0
16.6,7.4,83.1,0
43.1,32,34.1,0
53,33.1,23.5,0
43.5,22.2,41,0
34.6,15.8,59,0
5.16,24.97,75.57,0
38.7,31.2,39,0
24.7,9.5,74.7,0
32.6,24.3,52.2,0
6.9,22.3,80.9,0
38.5,15.7,53.8,0
43.4,13.9,52.7,0
11.2,33.5,61.7,1
24.1,55.2,28.8,1
21.7,12.8,75.1,1
12.8,41.3,53.4,0
21.8,74,14.8,0
15.3,31.3,60.9,1
32,31.5,42.6,0
53.3,24.2,33.7,0
14,11,81.2,1
16.4,28.1,63.6,0
17.3,37.1,50.6,0
23.2,26.9,56.1,0
10.84,11.94,88.31,0
43.8,11.3,53.1,0
20.7,19.6,66.6,0
15.1,21.1,71.1,0
22.3,25.9,57.4,0
15.9,55,37.3,0
17,29,62.6,0
51,25.9,32.6,1
20.9,31.9,59.8,1
13.7,35.3,57.1,0
53.8,33.6,22.6,0
18.1,14.2,77.5,1
20.3,40.3,48.1,1
17.6,22.6,68.8,0
28.3,28.2,53.7,1
52.6,32.9,25.7,1
18.7,78.9,12.8,0
58.9,17.9,33.1,0
16.9,31.2,58.3,1
52.6,34.9,25.7,0
17.5,36.4,52.3,0
37.5,19.7,51.9,0
12.5,10.9,87.7,1
32.7,24,54.6,0
12.9,36.5,58.8,0
28.2,27.6,52,0
18.3,28,63.6,0
33.9,32,44.3,1
13.5,43.5,53.4,0
31.5,10.6,63,0
9.2,15.3,84,0
27.1,38.1,43.4,0
34,29.8,47.7,0
54.1,29.5,27.6,0
32.2,32.6,43.6,0
23.3,32.4,52.7,0
12.2,43.9,50.2,0
11.7,42.8,53.3,0
53.7,17.3,35.7,1
10.6,40.1,56.5,0
31.5,15,61.5,1
28,17,62.9,0
48.6,32.9,28.3,1
54,33.2,23.3,0
19.3,30,57.8,0
21.9,11.9,75.1,1
18,18.4,74.5,0
22.7,52.5,35,0
14.6,41,53.5,1
51.9,21.2,33.7,0
23.8,23.5,64.2,0
72.4,16.7,20.1,0
29.2,23.4,57.8,0
37.8,35.8,34.7,0
18.7,24,67.1,1
14.4,11,83,1
22.02,3.8,80.88,0
23.2,52.4,33.9,1
17.8,23.7,68.8,0
29,42.1,38.1,0
22.8,58.5,30.4,0
32.5,12.1,64.5,0
17.4,22.6,67.7,1
33.7,33,43.9,0
8.1,31,70.6,1
7.69,24.67,76.33,1
32.2,14.5,61.8,0
13.2,33.1,64.3,0
22.8,71.7,12.3,0
8.8,80.4,19.8,1
16.9,37.7,53.3,0
6.9,17.9,82.2,1
61.2,23.4,22,0
15.3,40.1,52.4,1
15.1,35.7,57.2,0
53.8,32.7,22.8,0
5.2,29.5,72.7,0
33,32.6,44,0
21,41.2,43.9,0
17,22.4,67.8,0
28,17.7,64.5,0
22.5,62.3,23.3,1
18.3,51.9,35.9,0
17.6,27.9,63.4,1
37.5,17.9,53,0
18.4,18.1,73.8,0
29,18.1,64.2,0
50.3,36.3,22.4,0
18,29.5,63.4,0
8.58,9.47,88.46,1
9.8,8.6,89.1,0
32.6,52.2,23.9,0
28.6,41,40,0
19.4,15,79.7,0
27.9,28.7,53.4,0
23,57.1,28.6,0
23.4,24.1,61.9,1
14,19.2,76.4,0
19.1,38.3,51.1,0
18.1,28.1,62.8,0
12.3,21.2,75,1
17.4,8.8,85,1
32.5,32.4,42.4,0
60.6,36.1,11.5,0
27.9,16.6,61.9,1
7.7,14.6,87.3,1
42.4,22.6,41,0
44.3,58.4,3.9,0
17.1,20.8,69.3,0
12.8,12,82.1,0
32.4,47.5,26.6,0
36.6,34.9,37.8,0
10.6,30.7,71.2,0
9.3,39.3,61.9,0
24.4,37.9,47.2,0
22.1,33.4,52.1,1
26,56.2,24.8,0
13,21.3,73.3,0
22.9,63.6,23.7,0
12.4,22.8,71.8,1
13.3,42.5,52.3,0
13.1,9.4,88.1,0
44.2,23.1,43.6,0
32,38.2,38.6,0
21.7,71,13.2,1
17.8,35,56.2,0
13.3,30,68.2,0
9.5,44.1,56.9,0
53.1,27.6,28.5,0
24.6,38.1,47.8,0
16.1,34.9,54.6,1
4.5,30,73.2,0
11.8,38.9,54.6,1
10.8,34.2,64.4,0
14.8,56.5,32,0
33.5,33.5,43.5,0
23.6,37.8,47.8,1
27.2,31.9,49.1,0
38.7,46.2,21.7,0
12.8,24,73.4,0
12.6,27.3,69.3,0
27.6,28.4,53.9,0
29.3,37,41.6,1
10.2,75.5,26.8,0
21.6,42.2,45,1
34.8,37.7,33.7,0
23.1,22.9,62.1,1
18.4,28.3,62.3,0
26.1,18,65.2,1
9.68,15.07,81.85,0
27.5,26.5,53.6,0
8.2,11.2,87.9,0
16,14.9,80.9,1
38.5,27.5,44.3,1
39.4,6.4,62.6,1
7.2,38.8,59.9,1
13.8,45.7,50.9,0
43.2,42.3,21.1,1
32.3,12.8,63.7,0
21.1,23.6,66.4,0
36.2,36.1,37.2,0
33.6,50.6,23.5,0
62.4,23.9,22.7,0
53.2,33,23,0
53.4,29.4,28,0
11,37.9,57.5,0
42.7,22.8,41.4,0
11.6,22.8,74.3,0
68.1,17.3,25.7,0
41.1,36.1,31.1,0
33.6,16.1,58.6,0
11.7,17.3,77.4,0
12.6,49.4,47.1,1
16.79,32.95,59.66,0
18.9,66.3,25.4,0
22.2,32.9,54,0
14.6,50.8,40.8,0
46.6,13.8,47.6,1
34.6,12.7,61.4,0
11.9,8.2,87.4,0
12.9,13.5,83.8,1
20.4,13.6,75.2,1
21,42.8,42.3,0
5.5,13.9,88.7,1
12.6,3.9,92.8,0
47.6,27.6,34.3,1
22.4,43.9,43.2,0
28.8,53.4,29.1,0
18.83,8.68,79.18,0
31,25.8,53.7,1
24.5,30.2,54.5,0
37.6,43.9,27,0
29.68,42.19,34.63,0
17.9,33.7,59.2,0
8.2,7.9,94.2,0
19.9,18,71.3,0
33.6,34.5,41.3,0
13.5,56.8,36,0
24.2,21.9,62.7,0
78.3,23.9,8.4,0
14.4,11.2,86.9,0
12.6,18.4,78.9,1
10.7,33.3,66.6,0
38.6,37.9,33.8,0
32.9,34.6,44,0
13.7,42,54.1,0
24.5,10.6,74,0
13.9,32.8,65.1,0
22.1,11.4,72.3,1
22.7,16.6,69.2,0
11.5,24.7,72.7,0
30.6,24.2,56.3,0
49.1,12.8,46.7,0
16.6,13.3,78.5,1
37.3,8.5,63,0
23.7,30.9,51.4,0
6.5,39.4,62.8,1
8.1,26.7,73.2,1
43.5,33.1,32.2,0
9.4,43.8,52.2,0
26.9,53.9,25.3,0
13,34.1,62.9,0
12.7,43.5,52.1,1
17.5,27.1,62,1
12.6,64.1,32.6,0
17.5,33.2,57.5,1
22.6,13.9,70.8,0
14.8,15.4,78.3,0
27.8,26.9,52.3,0
53.2,12.1,41.5,0
13,32,63.6,1
23.2,22.6,63.4,0
12.9,26,70.3,0
13.3,28.3,66.1,1
18.9,18.6,73.8,0
51.2,28.2,31.2,1
